{
  "pair_count": 1,
  "pairs": {
    "So11111111111111111111111111111111111111112_F6ABFHuQRF6xiGU3wVLpeTqgKaxdFnTp2mXihUrKTNLD": {
      "total_return_pct": -0.006928179544370416,
      "max_drawdown_pct": 0.006928179544370437,
      "profit_factor": 0.0,
      "win_rate": 0.0,
      "avg_trade_return_pct": -0.03464089772185197,
      "trade_count": 2
    }
  },
  "combined": {
    "total_return_pct": -0.006928179544370416,
    "max_drawdown_pct": 0.006928179544370437,
    "profit_factor": 0.0,
    "win_rate": 0.0,
    "avg_trade_return_pct": -0.03464089772185197,
    "trade_count": 2
  }
}