{
  "pair_count": 5,
  "pairs": {
    "So11111111111111111111111111111111111111112_4FHjNBJUu7zJdYHGnX2AVhfUbDdpYehVYgD2uxhfG4Am": {
      "total_return_pct": -0.02212579074377341,
      "max_drawdown_pct": 0.022125790743773452,
      "profit_factor": 0.0,
      "win_rate": 0.0,
      "avg_trade_return_pct": -0.11062895371886747,
      "trade_count": 2
    },
    "So11111111111111111111111111111111111111112_7gbEP2TAy5wM3TmMp5utCrRvdJ3FFqYjgN5KDpXiWPmo": {
      "total_return_pct": -0.160219655101988,
      "max_drawdown_pct": 0.160219655101988,
      "profit_factor": 0.0,
      "win_rate": 0.0,
      "avg_trade_return_pct": -0.10993411539248303,
      "trade_count": 7
    },
    "So11111111111111111111111111111111111111112_EXA537HSBVpsFijENbt6Muuy9AADUN8dUmYKD4oKbjJE": {
      "total_return_pct": -0.022200784725094458,
      "max_drawdown_pct": 0.022200784725094423,
      "profit_factor": 0.0,
      "win_rate": 0.0,
      "avg_trade_return_pct": -0.009250326968789344,
      "trade_count": 6
    },
    "So11111111111111111111111111111111111111112_F6ABFHuQRF6xiGU3wVLpeTqgKaxdFnTp2mXihUrKTNLD": {
      "total_return_pct": -0.022125790743772744,
      "max_drawdown_pct": 0.02212579074377277,
      "profit_factor": 0.0,
      "win_rate": 0.0,
      "avg_trade_return_pct": -0.11062895371886355,
      "trade_count": 2
    },
    "So11111111111111111111111111111111111111112_Fb2DefbdjKFPfmTnq4xnuZ9xdtVyXGsEAetoFmGLZQcc": {
      "total_return_pct": 0.1874695360596461,
      "max_drawdown_pct": 0.23573046394035396,
      "profit_factor": 1.7952707211702634,
      "win_rate": 0.1,
      "avg_trade_return_pct": -0.016944611371478336,
      "trade_count": 10
    }
  },
  "combined": {
    "total_return_pct": -0.007840497050996653,
    "max_drawdown_pct": 0.09248049705099656,
    "profit_factor": 0.9152199944743699,
    "win_rate": 0.037037037037037035,
    "avg_trade_return_pct": -0.05322232215371714,
    "trade_count": 27
  }
}