{
  "pair_count": 5,
  "pairs": {
    "So11111111111111111111111111111111111111112_4FHjNBJUu7zJdYHGnX2AVhfUbDdpYehVYgD2uxhfG4Am": {
      "total_return_pct": -0.04491629165524602,
      "max_drawdown_pct": 0.04491629165524603,
      "profit_factor": 0.0,
      "win_rate": 0.0,
      "avg_trade_return_pct": -0.11229072913811522,
      "trade_count": 4
    },
    "So11111111111111111111111111111111111111112_7gbEP2TAy5wM3TmMp5utCrRvdJ3FFqYjgN5KDpXiWPmo": {
      "total_return_pct": -0.4591449732286573,
      "max_drawdown_pct": 0.4591449732286574,
      "profit_factor": 0.0,
      "win_rate": 0.0,
      "avg_trade_return_pct": -0.1146733586276881,
      "trade_count": 13
    },
    "So11111111111111111111111111111111111111112_EXA537HSBVpsFijENbt6Muuy9AADUN8dUmYKD4oKbjJE": {
      "total_return_pct": -0.028299166534350384,
      "max_drawdown_pct": 0.028299166534350433,
      "profit_factor": 0.0,
      "win_rate": 0.0,
      "avg_trade_return_pct": -0.0471877469575218,
      "trade_count": 5
    },
    "So11111111111111111111111111111111111111112_F6ABFHuQRF6xiGU3wVLpeTqgKaxdFnTp2mXihUrKTNLD": {
      "total_return_pct": -0.04491629165524724,
      "max_drawdown_pct": 0.04491629165524728,
      "profit_factor": 0.0,
      "win_rate": 0.0,
      "avg_trade_return_pct": -0.11229072913811794,
      "trade_count": 4
    },
    "So11111111111111111111111111111111111111112_Fb2DefbdjKFPfmTnq4xnuZ9xdtVyXGsEAetoFmGLZQcc": {
      "total_return_pct": 0.1874695360596461,
      "max_drawdown_pct": 0.23573046394035396,
      "profit_factor": 1.7952707211702634,
      "win_rate": 0.1,
      "avg_trade_return_pct": -0.016944611371478336,
      "trade_count": 10
    }
  },
  "combined": {
    "total_return_pct": -0.07796143740277128,
    "max_drawdown_pct": 0.16260143740277125,
    "profit_factor": 0.5205366038083843,
    "win_rate": 0.027777777777777776,
    "avg_trade_return_pct": -0.07762400954909084,
    "trade_count": 36
  }
}