{
  "pair_count": 5,
  "pairs": {
    "So11111111111111111111111111111111111111112_4FHjNBJUu7zJdYHGnX2AVhfUbDdpYehVYgD2uxhfG4Am": {
      "total_return_pct": -0.0238667214870818,
      "max_drawdown_pct": 0.023866721487081806,
      "profit_factor": 0.0,
      "win_rate": 0.0,
      "avg_trade_return_pct": -0.1193336074354093,
      "trade_count": 2
    },
    "So11111111111111111111111111111111111111112_7gbEP2TAy5wM3TmMp5utCrRvdJ3FFqYjgN5KDpXiWPmo": {
      "total_return_pct": 0.04930061057391555,
      "max_drawdown_pct": 0.041178024934142084,
      "profit_factor": 2.094018935939719,
      "win_rate": 0.2,
      "avg_trade_return_pct": -0.04294533993590339,
      "trade_count": 5
    },
    "So11111111111111111111111111111111111111112_EXA537HSBVpsFijENbt6Muuy9AADUN8dUmYKD4oKbjJE": {
      "total_return_pct": -0.07110944460635871,
      "max_drawdown_pct": 0.0711094446063587,
      "profit_factor": 0.0,
      "win_rate": 0.0,
      "avg_trade_return_pct": -0.02962893525264948,
      "trade_count": 6
    },
    "So11111111111111111111111111111111111111112_F6ABFHuQRF6xiGU3wVLpeTqgKaxdFnTp2mXihUrKTNLD": {
      "total_return_pct": -0.0238667214870808,
      "max_drawdown_pct": 0.023866721487080782,
      "profit_factor": 0.0,
      "win_rate": 0.0,
      "avg_trade_return_pct": -0.11933360743540412,
      "trade_count": 2
    },
    "So11111111111111111111111111111111111111112_Fb2DefbdjKFPfmTnq4xnuZ9xdtVyXGsEAetoFmGLZQcc": {
      "total_return_pct": -0.019669155365421798,
      "max_drawdown_pct": 0.14425415735914612,
      "profit_factor": 0.8827883828486307,
      "win_rate": 0.1111111111111111,
      "avg_trade_return_pct": -0.005463654268172736,
      "trade_count": 9
    }
  },
  "combined": {
    "total_return_pct": -0.017842286474405777,
    "max_drawdown_pct": 0.056068280948807656,
    "profit_factor": 0.7310604654903161,
    "win_rate": 0.08333333333333333,
    "avg_trade_return_pct": -0.0382919845562748,
    "trade_count": 24
  }
}